[{"id":"user-image-hghhy.jpg","publicUrl":"np://user.desktop.nicepage.com/Site_232918100/images/hghhy.jpg","size":32173,"hash":"DTevZzFXDl6ShUj58OKnBXdT49c=","fileName":"hghhy.jpg","name":"hghhy","width":1980,"height":1320,"thumbnail":{"url":"np://user.desktop.nicepage.com/Site_232918100/images/thumbnails/hghhy.jpg","width":250,"height":167},"originalUrl":"//images01.nicepagecdn.com/c461c07a441a5d220e8feb1a/f8ab9531161a5a48ba9f33a8/hghhy.jpg","usages":["765328579"]},{"id":"user-image-jhjh688.jpg","publicUrl":"np://user.desktop.nicepage.com/Site_232918100/images/jhjh688.jpg","size":158725,"hash":"8mKUbUpo81YkuQFBbm2cKx4j1sQ=","fileName":"jhjh688.jpg","name":"jhjh688","width":759,"height":759,"thumbnail":{"url":"np://user.desktop.nicepage.com/Site_232918100/images/thumbnails/jhjh688.jpg","width":250,"height":250},"originalUrl":"//images01.nicepagecdn.com/c461c07a441a5d220e8feb1a/8c593f782d1654b09c0aa7b3/jhjh688.jpg","usages":["765328579"]},{"id":"user-image-g4.jpg","publicUrl":"np://user.desktop.nicepage.com/Site_232918100/images/g4.jpg","size":137634,"hash":"f/xVO3RoYO/fcAnbS7Sz21//JGw=","fileName":"g4.jpg","name":"g4","width":759,"height":759,"thumbnail":{"url":"np://user.desktop.nicepage.com/Site_232918100/images/thumbnails/g4.jpg","width":250,"height":250},"originalUrl":"//images01.nicepagecdn.com/c461c07a441a5d220e8feb1a/a24ad1604ec15337995a6352/g4.jpg","usages":["765328579"]},{"id":"user-image-gfgggggggggg.jpg","publicUrl":"np://user.desktop.nicepage.com/Site_232918100/images/gfgggggggggg.jpg","size":149663,"hash":"PxOK2WJty6zkH21xFZjn5hqSCMw=","fileName":"gfgggggggggg.jpg","name":"gfgggggggggg","width":1000,"height":914,"thumbnail":{"url":"np://user.desktop.nicepage.com/Site_232918100/images/thumbnails/gfgggggggggg.jpg","width":250,"height":229},"originalUrl":"//images01.nicepagecdn.com/c461c07a441a5d220e8feb1a/69a33e68ad385dc2a232048f/gfgggggggggg.jpg","usages":["765328579"]},{"id":"user-image-fgfg.jpg","publicUrl":"np://user.desktop.nicepage.com/Site_232918100/images/fgfg.jpg","size":186432,"hash":"tB3VQchwJOl7nEAgfh5Y311z5Mw=","fileName":"fgfg.jpg","name":"fgfg","width":898,"height":898,"thumbnail":{"url":"np://user.desktop.nicepage.com/Site_232918100/images/thumbnails/fgfg.jpg","width":250,"height":250},"originalUrl":"//images01.nicepagecdn.com/c461c07a441a5d220e8feb1a/e2e39f17cead5a36875282db/fgfg.jpg","usages":["765328579"]},{"id":"user-image-PSD_01.jpg","publicUrl":"np://user.desktop.nicepage.com/Site_232918100/images/PSD_01.jpg","size":100240,"hash":"d5DY/ZqyM8SCg3c8PYrGRrUWgAU=","fileName":"PSD_01.jpg","name":"PSD_01","width":1355,"height":1080,"thumbnail":{"url":"np://user.desktop.nicepage.com/Site_232918100/images/thumbnails/PSD_01.jpg","width":250,"height":199},"originalUrl":"//images01.nicepagecdn.com/c461c07a441a5d220e8feb1a/270c391596735803b0eb88f9/PSD_01.jpg","usages":["765328579"]},{"id":"user-image-fff.jpg","publicUrl":"np://user.desktop.nicepage.com/Site_232918100/images/fff.jpg","size":140048,"hash":"vhDGHkY3C3a1McUN5bxiPMTyCJg=","fileName":"fff.jpg","name":"fff","width":898,"height":898,"thumbnail":{"url":"np://user.desktop.nicepage.com/Site_232918100/images/thumbnails/fff.jpg","width":250,"height":250},"originalUrl":"//images01.nicepagecdn.com/c461c07a441a5d220e8feb1a/75434504afed529795968963/fff.jpg","usages":["765328579"]},{"id":"user-image-111.jpg","publicUrl":"np://user.desktop.nicepage.com/Site_232918100/images/111.jpg","size":62636,"hash":"KPTkLIuJNzmL9B89XIDjGgTrzN4=","fileName":"111.jpg","name":"111","width":1349,"height":1080,"thumbnail":{"url":"np://user.desktop.nicepage.com/Site_232918100/images/thumbnails/111.jpg","width":250,"height":200},"originalUrl":"//images01.nicepagecdn.com/c461c07a441a5d220e8feb1a/c02046d2816d50cfb2bc0ef0/111.jpg","usages":["765328579"]},{"id":"user-image-jhjh5.jpg","publicUrl":"np://user.desktop.nicepage.com/Site_232918100/images/jhjh5.jpg","size":26898,"hash":"2wP0496rDx3u0PWZFt3bFIqKg1I=","fileName":"jhjh5.jpg","name":"jhjh5","width":310,"height":310,"thumbnail":{"url":"np://user.desktop.nicepage.com/Site_232918100/images/thumbnails/jhjh5.jpg","width":250,"height":250},"originalUrl":"//images01.nicepagecdn.com/c461c07a441a5d220e8feb1a/42e00f44576258d48183655f/jhjh5.jpg","usages":["765328579"]},{"id":"user-image-devops2.png","publicUrl":"np://user.desktop.nicepage.com/Site_232918100/images/devops2.png","size":28342,"hash":"QcSmmBYQrW1HBz+0wFeedp013rA=","fileName":"devops2.png","name":"devops2","width":356,"height":208,"thumbnail":{"url":"np://user.desktop.nicepage.com/Site_232918100/images/thumbnails/devops2.png","width":250,"height":146},"usages":[]}]